Unit Number,DegreesC,Current (mA),Hours,Voltage (mV),Relative Change
101,94,30,138,4.64262,1
101,94,30,234,4.50499,0.97036
101,94,30,330,4.40421,0.94865
101,94,30,402,4.33913,0.93463
101,94,30,498,4.21724,0.90838
101,94,30,570,4.18218,0.90082
101,94,30,666,4.13114,0.88983
101,94,30,738,4.09097,0.88118
101,94,30,834,4.01346,0.86448
101,94,30,906,3.97017,0.85516
102,94,30,138,5.74721,1
102,94,30,234,5.59646,0.97377
102,94,30,330,5.42814,0.94448
102,94,30,402,5.35786,0.93225
102,94,30,498,5.20746,0.90609
102,94,30,570,5.13738,0.89389
102,94,30,666,5.06533,0.88135
102,94,30,738,5.01052,0.87182
102,94,30,834,4.9258,0.85708
102,94,30,906,4.84628,0.84324
103,94,30,138,6.06229,1
103,94,30,234,5.91052,0.97496
103,94,30,330,5.72691,0.94468
103,94,30,402,5.66213,0.93399
103,94,30,498,5.5325,0.91261
103,94,30,570,5.44092,0.8975
103,94,30,666,5.36974,0.88576
103,94,30,738,5.30564,0.87519
103,94,30,834,5.22788,0.86236
103,94,30,906,5.15937,0.85106
104,94,30,138,6.07716,1
104,94,30,234,5.91315,0.97301
104,94,30,330,5.75937,0.94771
104,94,30,402,5.69758,0.93754
104,94,30,498,5.57387,0.91718
104,94,30,570,5.50195,0.90535
104,94,30,666,5.41634,0.89126
104,94,30,738,5.35589,0.88131
104,94,30,834,5.28594,0.8698
104,94,30,906,5.25254,0.86431
105,94,30,138,6.13204,1
105,94,30,234,5.93701,0.96819
105,94,30,330,5.79609,0.94521
105,94,30,402,5.72895,0.93427
105,94,30,498,5.60924,0.91474
105,94,30,570,5.55701,0.90623
105,94,30,666,5.4678,0.89168
105,94,30,738,5.40629,0.88165
105,94,30,834,5.32043,0.86764
105,94,30,906,5.28741,0.86226
106,94,30,138,6.3692,1
106,94,30,234,6.06318,0.95195
106,94,30,330,5.92246,0.92986
106,94,30,402,5.82766,0.91498
106,94,30,498,5.71325,0.89701
106,94,30,570,5.63305,0.88442
106,94,30,666,5.57178,0.8748
106,94,30,738,5.42793,0.85222
106,94,30,834,5.33703,0.83794
106,94,30,906,5.30132,0.83234
107,94,30,138,6.186,1
107,94,30,234,6.00754,0.97115
107,94,30,330,5.8517,0.94596
107,94,30,402,5.77268,0.93318
107,94,30,498,5.64593,0.91269
107,94,30,570,5.5701,0.90044
107,94,30,666,5.51136,0.89094
107,94,30,738,5.43417,0.87846
107,94,30,834,5.35856,0.86624
107,94,30,906,5.29506,0.85597
108,94,30,138,5.68045,1
108,94,30,234,5.50858,0.96974
108,94,30,330,5.33733,0.9396
108,94,30,402,5.27222,0.92813
108,94,30,498,5.16077,0.90851
108,94,30,570,5.08395,0.89499
108,94,30,666,5.0043,0.88097
108,94,30,738,4.94525,0.87057
108,94,30,834,4.88236,0.8595
108,94,30,906,4.826,0.84958
109,94,30,138,6.15523,1
109,94,30,234,5.96295,0.96876
109,94,30,330,5.79334,0.94121
109,94,30,402,5.71838,0.92903
109,94,30,498,5.59472,0.90894
109,94,30,570,5.53361,0.89901
109,94,30,666,5.44202,0.88413
109,94,30,738,5.37847,0.87381
109,94,30,834,5.31429,0.86338
109,94,30,906,5.25958,0.85449
110,94,30,138,6.30427,1
110,94,30,234,6.08635,0.96543
110,94,30,330,5.91903,0.93889
110,94,30,402,5.83493,0.92555
110,94,30,498,5.69847,0.90391
110,94,30,570,5.64203,0.89495
110,94,30,666,5.55089,0.8805
110,94,30,738,5.47693,0.86877
110,94,30,834,5.3941,0.85563
110,94,30,906,5.35648,0.84966
111,94,30,138,5.90467,1
111,94,30,234,5.72015,0.96875
111,94,30,330,5.56045,0.9417
111,94,30,402,5.49189,0.93009
111,94,30,498,5.37192,0.90978
111,94,30,570,5.3119,0.89961
111,94,30,666,5.24036,0.88749
111,94,30,738,5.16965,0.87552
111,94,30,834,5.0886,0.86179
111,94,30,906,5.03179,0.85217
112,94,30,138,5.8202,1
112,94,30,234,5.64679,0.97021
112,94,30,330,5.455,0.93725
112,94,30,402,5.40352,0.92841
112,94,30,498,5.28512,0.90807
112,94,30,570,5.19548,0.89266
112,94,30,666,5.15639,0.88595
112,94,30,738,5.06882,0.8709
112,94,30,834,4.98834,0.85707
112,94,30,906,4.91327,0.84418
113,94,30,138,6.58176,1
113,94,30,234,6.42201,0.97573
113,94,30,330,6.20523,0.94279
113,94,30,402,6.15904,0.93577
113,94,30,498,6.03456,0.91686
113,94,30,570,5.93295,0.90142
113,94,30,666,5.85014,0.88884
113,94,30,738,5.78026,0.87822
113,94,30,834,5.71149,0.86778
113,94,30,906,5.61999,0.85387
114,94,30,138,5.52848,1
114,94,30,234,5.37972,0.97309
114,94,30,330,5.25578,0.95067
114,94,30,402,5.20982,0.94236
114,94,30,498,5.11134,0.92455
114,94,30,570,5.04767,0.91303
114,94,30,666,4.97569,0.90001
114,94,30,738,4.92769,0.89133
114,94,30,834,4.89807,0.88597
114,94,30,906,4.84851,0.87701
115,94,30,138,5.95137,1
115,94,30,234,5.73436,0.96354
115,94,30,330,5.58179,0.9379
115,94,30,402,5.50064,0.92426
115,94,30,498,5.39139,0.90591
115,94,30,570,5.3351,0.89645
115,94,30,666,5.25017,0.88218
115,94,30,738,5.17616,0.86974
115,94,30,834,5.11189,0.85894
115,94,30,906,5.07119,0.85211
116,94,30,138,6.10069,1
116,94,30,234,5.94451,0.9744
116,94,30,330,5.77001,0.9458
116,94,30,402,5.68655,0.93212
116,94,30,498,5.57835,0.91438
116,94,30,570,5.5103,0.90323
116,94,30,666,5.44565,0.89263
116,94,30,738,5.36327,0.87913
116,94,30,834,5.26063,0.8623
116,94,30,906,5.21381,0.85463
117,94,30,138,5.74335,1
117,94,30,234,5.56034,0.96814
117,94,30,330,5.38733,0.93801
117,94,30,402,5.33091,0.92819
117,94,30,498,5.22382,0.90954
117,94,30,570,5.15008,0.8967
117,94,30,666,5.10268,0.88845
117,94,30,738,5.04107,0.87772
117,94,30,834,4.95888,0.86341
117,94,30,906,4.90086,0.85331
118,94,30,138,5.48982,1
118,94,30,234,5.32023,0.96911
118,94,30,330,5.16994,0.94173
118,94,30,402,5.1327,0.93495
118,94,30,498,5.03149,0.91651
118,94,30,570,4.9604,0.90356
118,94,30,666,4.89579,0.89179
118,94,30,738,4.755,0.86615
118,94,30,834,4.71284,0.85847
118,94,30,906,4.64577,0.84625
119,94,30,138,6.47641,1
119,94,30,234,6.24369,0.96407
119,94,30,330,6.04744,0.93376
119,94,30,402,5.9896,0.92483
119,94,30,498,5.91929,0.91398
119,94,30,570,5.834,0.90081
119,94,30,666,5.73215,0.88508
119,94,30,738,5.55253,0.85735
119,94,30,834,5.57798,0.86128
119,94,30,906,5.49531,0.84851
120,94,30,138,5.58787,1
120,94,30,234,5.38219,0.96319
120,94,30,330,5.22968,0.9359
120,94,30,402,5.16561,0.92443
120,94,30,498,5.08707,0.91038
120,94,30,570,5.03359,0.90081
120,94,30,666,4.95923,0.8875
120,94,30,738,4.87487,0.8724
120,94,30,834,4.82423,0.86334
120,94,30,906,4.79296,0.85774
121,94,30,138,6.22966,1
121,94,30,234,6.02217,0.96669
121,94,30,330,5.91908,0.95014
121,94,30,402,5.8982,0.94679
121,94,30,498,5.85254,0.93946
121,94,30,570,5.64091,0.90549
121,94,30,666,5.7222,0.91854
121,94,30,738,5.58604,0.89668
121,94,30,834,5.57482,0.89488
121,94,30,906,5.52286,0.88654
122,94,30,138,4.40611,1
122,94,30,234,4.29034,0.97372
122,94,30,330,4.16863,0.9461
122,94,30,402,4.14395,0.9405
122,94,30,498,4.08003,0.92599
122,94,30,570,4.01515,0.91127
122,94,30,666,3.9802,0.90334
122,94,30,738,3.90704,0.88673
122,94,30,834,3.85975,0.876
122,94,30,906,3.812,0.86516
123,94,30,138,6.12981,1
123,94,30,234,5.92017,0.9658
123,94,30,330,5.77765,0.94255
123,94,30,402,5.73072,0.93489
123,94,30,498,5.62137,0.91705
123,94,30,570,5.54049,0.90386
123,94,30,666,5.45682,0.89021
123,94,30,738,5.38154,0.87793
123,94,30,834,5.33187,0.86983
123,94,30,906,5.25029,0.85652
124,94,30,138,6.29136,1
124,94,30,234,6.07659,0.96586
124,94,30,330,5.94023,0.94419
124,94,30,402,5.84209,0.92859
124,94,30,498,5.72253,0.90959
124,94,30,570,5.66957,0.90117
124,94,30,666,5.58443,0.88764
124,94,30,738,5.47734,0.87061
124,94,30,834,5.4386,0.86446
124,94,30,906,5.36439,0.85266
125,94,30,138,5.54338,1
125,94,30,234,5.34868,0.96488
125,94,30,330,5.21422,0.94062
125,94,30,402,5.15457,0.92986
125,94,30,498,5.0458,0.91024
125,94,30,570,4.99253,0.90063
125,94,30,666,4.91176,0.88606
125,94,30,738,4.8422,0.87351
125,94,30,834,4.79013,0.86412
125,94,30,906,4.74138,0.85532
126,94,30,138,5.42953,1
126,94,30,234,5.26975,0.97057
126,94,30,330,5.10222,0.93972
126,94,30,402,5.07664,0.93501
126,94,30,498,4.98498,0.91812
126,94,30,570,4.91998,0.90615
126,94,30,666,4.87061,0.89706
126,94,30,738,4.82189,0.88809
126,94,30,834,4.73974,0.87296
126,94,30,906,4.70766,0.86705
127,94,30,138,5.59505,1
127,94,30,234,5.42795,0.97013
127,94,30,330,5.25755,0.93968
127,94,30,402,5.23818,0.93622
127,94,30,498,5.14596,0.91973
127,94,30,570,5.0617,0.90467
127,94,30,666,5.00278,0.89414
127,94,30,738,4.96317,0.88706
127,94,30,834,4.89215,0.87437
127,94,30,906,4.82317,0.86204
128,94,30,138,5.42992,1
128,94,30,234,5.25012,0.96689
128,94,30,330,5.11815,0.94258
128,94,30,402,5.07636,0.93489
128,94,30,498,4.99465,0.91984
128,94,30,570,4.90949,0.90416
128,94,30,666,4.84167,0.89167
128,94,30,738,4.78962,0.88208
128,94,30,834,4.74833,0.87448
128,94,30,906,4.67681,0.8613
129,94,30,138,5.58579,1
129,94,30,234,5.3892,0.96481
129,94,30,330,5.2605,0.94177
129,94,30,402,5.16977,0.92552
129,94,30,498,5.08369,0.91011
129,94,30,570,5.04072,0.90242
129,94,30,666,4.96019,0.888
129,94,30,738,4.88057,0.87375
129,94,30,834,4.83947,0.86639
129,94,30,906,4.7827,0.85623
130,94,30,138,5.73815,1
130,94,30,234,5.59782,0.97554
130,94,30,330,5.43559,0.94727
130,94,30,402,5.35904,0.93393
130,94,30,498,5.25823,0.91636
130,94,30,570,5.15613,0.89857
130,94,30,666,5.12209,0.89264
130,94,30,738,5.04115,0.87853
130,94,30,834,4.97199,0.86648
130,94,30,906,4.93217,0.85954
201,61,30,138,4.93854,1
201,61,30,234,4.86152,0.9844
201,61,30,330,4.79082,0.97009
201,61,30,402,4.74147,0.9601
201,61,30,498,4.65102,0.94178
201,61,30,570,4.58229,0.92786
201,61,30,666,4.55435,0.92221
201,61,30,738,4.52306,0.91587
201,61,30,834,4.45794,0.90268
201,61,30,906,4.43158,0.89735
202,61,30,138,6.0422,1
202,61,30,234,5.93797,0.98275
202,61,30,330,5.78541,0.9575
202,61,30,402,5.70442,0.9441
202,61,30,498,5.60175,0.9271
202,61,30,570,5.5347,0.91601
202,61,30,666,5.48149,0.9072
202,61,30,738,5.41476,0.89616
202,61,30,834,5.35449,0.88618
202,61,30,906,5.29611,0.87652
203,61,30,138,6.18354,1
203,61,30,234,6.12931,0.99123
203,61,30,330,5.9567,0.96332
203,61,30,402,5.85995,0.94767
203,61,30,498,5.75872,0.9313
203,61,30,570,5.66593,0.91629
203,61,30,666,5.60794,0.90691
203,61,30,738,5.56233,0.89954
203,61,30,834,5.48961,0.88778
203,61,30,906,5.41424,0.87559
204,61,30,138,6.64039,1
204,61,30,234,6.55311,0.98686
204,61,30,330,6.38986,0.96227
204,61,30,402,6.29587,0.94812
204,61,30,498,6.16776,0.92882
204,61,30,570,6.07365,0.91465
204,61,30,666,5.99859,0.90335
204,61,30,738,5.93506,0.89378
204,61,30,834,5.85708,0.88204
204,61,30,906,5.7993,0.87334
205,61,30,138,6.2563,1
205,61,30,234,6.16581,0.98554
205,61,30,330,6.03695,0.96494
205,61,30,402,5.95231,0.95141
205,61,30,498,5.83807,0.93315
205,61,30,570,5.77168,0.92254
205,61,30,666,5.6841,0.90854
205,61,30,738,5.62538,0.89915
205,61,30,834,5.55797,0.88838
205,61,30,906,5.53124,0.88411
206,61,30,138,6.25003,1
206,61,30,234,6.02389,0.96382
206,61,30,330,5.97749,0.95639
206,61,30,402,5.88018,0.94082
206,61,30,498,5.73179,0.91708
206,61,30,570,5.72104,0.91536
206,61,30,666,5.63456,0.90153
206,61,30,738,5.5056,0.88089
206,61,30,834,5.4538,0.8726
206,61,30,906,5.45262,0.87241
207,61,30,138,6.06357,1
207,61,30,234,5.98874,0.98766
207,61,30,330,5.87984,0.9697
207,61,30,402,5.82118,0.96002
207,61,30,498,5.76395,0.95059
207,61,30,570,5.72264,0.94377
207,61,30,666,5.68289,0.93722
207,61,30,738,5.61434,0.92591
207,61,30,834,5.54794,0.91496
207,61,30,906,5.49618,0.90643
208,61,30,138,5.74678,1
208,61,30,234,5.70558,0.99283
208,61,30,330,5.55761,0.96708
208,61,30,402,5.49056,0.95541
208,61,30,498,5.41504,0.94227
208,61,30,570,5.32236,0.92615
208,61,30,666,5.28419,0.9195
208,61,30,738,5.2409,0.91197
208,61,30,834,5.17133,0.89987
208,61,30,906,5.10682,0.88864
209,61,30,138,5.87006,1
209,61,30,234,5.77926,0.98453
209,61,30,330,5.66981,0.96588
209,61,30,402,5.56598,0.9482
209,61,30,498,5.48055,0.93364
209,61,30,570,5.39258,0.91866
209,61,30,666,5.33919,0.90956
209,61,30,738,5.29603,0.90221
209,61,30,834,5.23578,0.89195
209,61,30,906,5.18967,0.88409
210,61,30,138,5.98374,1
210,61,30,234,5.86508,0.98017
210,61,30,330,5.73359,0.95819
210,61,30,402,5.63849,0.9423
210,61,30,498,5.52249,0.92292
210,61,30,570,5.45117,0.911
210,61,30,666,5.38244,0.89951
210,61,30,738,5.32444,0.88982
210,61,30,834,5.26628,0.8801
210,61,30,906,5.24224,0.87608
211,61,30,138,5.58223,1
211,61,30,234,5.49451,0.98429
211,61,30,330,5.38085,0.96392
211,61,30,402,5.28007,0.94587
211,61,30,498,5.17707,0.92742
211,61,30,570,5.13012,0.91901
211,61,30,666,5.06162,0.90674
211,61,30,738,4.99782,0.89531
211,61,30,834,4.94062,0.88506
211,61,30,906,4.90519,0.87872
212,61,30,138,5.79293,1
212,61,30,234,5.68302,0.98103
212,61,30,330,5.54276,0.95682
212,61,30,402,5.42371,0.93626
212,61,30,498,5.34237,0.92222
212,61,30,570,5.29641,0.91429
212,61,30,666,5.23389,0.9035
212,61,30,738,5.15659,0.89015
212,61,30,834,5.10117,0.88059
212,61,30,906,5.03706,0.86952
213,61,30,138,6.67295,1
213,61,30,234,6.56201,0.98337
213,61,30,330,6.3789,0.95593
213,61,30,402,6.27592,0.9405
213,61,30,498,6.17147,0.92485
213,61,30,570,6.08057,0.91123
213,61,30,666,6.02394,0.90274
213,61,30,738,5.93573,0.88952
213,61,30,834,5.88242,0.88153
213,61,30,906,5.80409,0.86979
214,61,30,138,6.75232,1
214,61,30,234,6.66618,0.98724
214,61,30,330,6.51771,0.96525
214,61,30,402,6.41722,0.95037
214,61,30,498,6.28905,0.93139
214,61,30,570,6.18089,0.91537
214,61,30,666,6.11207,0.90518
214,61,30,738,6.05025,0.89603
214,61,30,834,5.99875,0.8884
214,61,30,906,5.93668,0.87921
215,61,30,138,6.17606,1
215,61,30,234,6.05513,0.98042
215,61,30,330,5.9203,0.95859
215,61,30,402,5.81397,0.94137
215,61,30,498,5.70029,0.92296
215,61,30,570,5.62839,0.91132
215,61,30,666,5.55499,0.89944
215,61,30,738,5.49625,0.88993
215,61,30,834,5.43803,0.8805
215,61,30,906,5.40764,0.87558
216,61,30,138,6.19257,1
216,61,30,234,6.13945,0.99142
216,61,30,330,6.01354,0.97109
216,61,30,402,5.92446,0.95671
216,61,30,498,5.83834,0.9428
216,61,30,570,5.77355,0.93234
216,61,30,666,5.69786,0.92011
216,61,30,738,5.63584,0.9101
216,61,30,834,5.54983,0.89621
216,61,30,906,5.51693,0.8909
217,61,30,138,5.55601,1
217,61,30,234,5.48791,0.98774
217,61,30,330,5.37453,0.96734
217,61,30,402,5.30532,0.95488
217,61,30,498,5.21688,0.93896
217,61,30,570,5.14292,0.92565
217,61,30,666,5.0973,0.91744
217,61,30,738,5.05003,0.90893
217,61,30,834,4.97749,0.89588
217,61,30,906,4.92501,0.88643
218,61,30,138,5.94959,1
218,61,30,234,5.91867,0.9948
218,61,30,330,5.77477,0.97062
218,61,30,402,5.69741,0.95761
218,61,30,498,5.59728,0.94078
218,61,30,570,5.50024,0.92447
218,61,30,666,5.45845,0.91745
218,61,30,738,5.3055,0.89174
218,61,30,834,5.23622,0.8801
218,61,30,906,5.17752,0.87023
219,61,30,138,6.73371,1
219,61,30,234,6.62081,0.98323
219,61,30,330,6.43577,0.95575
219,61,30,402,6.36215,0.94482
219,61,30,498,6.25529,0.92895
219,61,30,570,6.16842,0.91605
219,61,30,666,6.0852,0.90369
219,61,30,738,5.91901,0.87901
219,61,30,834,5.94576,0.88298
219,61,30,906,5.88501,0.87396
220,61,30,138,5.14672,1
220,61,30,234,5.07729,0.98651
220,61,30,330,5.01186,0.9738
220,61,30,402,4.93647,0.95915
220,61,30,498,4.85318,0.94296
220,61,30,570,4.80028,0.93269
220,61,30,666,4.72621,0.9183
220,61,30,738,4.64649,0.90281
220,61,30,834,4.61402,0.8965
220,61,30,906,4.60142,0.89405
221,61,30,138,6.29081,1
221,61,30,234,6.20149,0.9858
221,61,30,330,6.09227,0.96844
221,61,30,402,6.00191,0.95408
221,61,30,498,5.92442,0.94176
221,61,30,570,5.7508,0.91416
221,61,30,666,5.74779,0.91368
221,61,30,738,5.65096,0.89829
221,61,30,834,5.64704,0.89766
221,61,30,906,5.59827,0.88991
222,61,30,138,6.24465,1
222,61,30,234,6.17739,0.98923
222,61,30,330,6.00844,0.96218
222,61,30,402,5.91131,0.94662
222,61,30,498,5.81934,0.93189
222,61,30,570,5.70845,0.91414
222,61,30,666,5.66071,0.90649
222,61,30,738,5.59655,0.89622
222,61,30,834,5.52913,0.88542
222,61,30,906,5.47051,0.87603
223,61,30,138,6.47214,1
223,61,30,234,6.41574,0.99129
223,61,30,330,6.23366,0.96315
223,61,30,402,6.14411,0.94932
223,61,30,498,6.04952,0.9347
223,61,30,570,5.92635,0.91567
223,61,30,666,5.90851,0.91292
223,61,30,738,5.84234,0.90269
223,61,30,834,5.77591,0.89243
223,61,30,906,5.7189,0.88362
224,61,30,138,6.30735,1
224,61,30,234,6.23301,0.98821
224,61,30,330,6.08312,0.96445
224,61,30,402,6.00783,0.95251
224,61,30,498,5.89613,0.9348
224,61,30,570,5.83014,0.92434
224,61,30,666,5.78305,0.91687
224,61,30,738,5.70705,0.90483
224,61,30,834,5.64738,0.89537
224,61,30,906,5.60794,0.88911
225,61,30,138,5.73945,1
225,61,30,234,5.65313,0.98496
225,61,30,330,5.56533,0.96966
225,61,30,402,5.46574,0.95231
225,61,30,498,5.36581,0.9349
225,61,30,570,5.33673,0.92983
225,61,30,666,5.25149,0.91498
225,61,30,738,5.19273,0.90474
225,61,30,834,5.15509,0.89819
225,61,30,906,5.128,0.89347
226,61,30,138,6.56756,1
226,61,30,234,6.4513,0.9823
226,61,30,330,6.29709,0.95882
226,61,30,402,6.18057,0.94107
226,61,30,498,6.0657,0.92358
226,61,30,570,5.99869,0.91338
226,61,30,666,5.91187,0.90016
226,61,30,738,5.85572,0.89161
226,61,30,834,5.78893,0.88144
226,61,30,906,5.74352,0.87453
227,61,30,138,5.03051,1
227,61,30,234,4.9872,0.99139
227,61,30,330,4.86042,0.96619
227,61,30,402,4.79188,0.95256
227,61,30,498,4.71699,0.93767
227,61,30,570,4.63119,0.92062
227,61,30,666,4.5903,0.91249
227,61,30,738,4.54832,0.90415
227,61,30,834,4.49354,0.89326
227,61,30,906,4.44327,0.88326
228,61,30,138,5.8972,1
228,61,30,234,5.87348,0.99598
228,61,30,330,5.72581,0.97094
228,61,30,402,5.64289,0.95688
228,61,30,498,5.53581,0.93872
228,61,30,570,5.41092,0.91754
228,61,30,666,5.38119,0.9125
228,61,30,738,5.30515,0.8996
228,61,30,834,5.2562,0.8913
228,61,30,906,5.19994,0.88176
229,61,30,138,6.26492,1
229,61,30,234,6.18057,0.98654
229,61,30,330,6.02376,0.96151
229,61,30,402,5.90069,0.94186
229,61,30,498,5.77499,0.9218
229,61,30,570,5.69647,0.90926
229,61,30,666,5.64213,0.90059
229,61,30,738,5.55187,0.88618
229,61,30,834,5.49755,0.87751
229,61,30,906,5.44718,0.86947
230,61,30,138,5.3053,1
230,61,30,234,5.30434,0.99982
230,61,30,330,5.12294,0.96563
230,61,30,402,5.04336,0.95063
230,61,30,498,4.93842,0.93085
230,61,30,570,4.84563,0.91336
230,61,30,666,4.78369,0.90168
230,61,30,738,4.74183,0.89379
230,61,30,834,4.68668,0.8834
230,61,30,906,4.6368,0.87399
301,110,40,138,5.51616,1
301,110,40,234,5.33343,0.96687
301,110,40,330,5.17481,0.93812
301,110,40,402,5.08942,0.92264
301,110,40,498,4.97709,0.90227
301,110,40,570,4.89949,0.88821
301,110,40,666,4.78072,0.86667
301,110,40,738,4.70637,0.8532
301,110,40,834,4.57993,0.83027
301,110,40,906,4.50734,0.81711
302,110,40,138,6.46307,1
302,110,40,234,6.28225,0.97202
302,110,40,330,6.10885,0.94519
302,110,40,402,6.0181,0.93115
302,110,40,498,5.88688,0.91085
302,110,40,570,5.80707,0.8985
302,110,40,666,5.63962,0.87259
302,110,40,738,5.57467,0.86254
302,110,40,834,5.47165,0.8466
302,110,40,906,5.39078,0.83409
303,110,40,138,6.66134,1
303,110,40,234,6.4574,0.96938
303,110,40,330,6.27448,0.94192
303,110,40,402,6.18626,0.92868
303,110,40,498,6.04392,0.90731
303,110,40,570,5.96138,0.89492
303,110,40,666,5.80755,0.87183
303,110,40,738,5.72142,0.8589
303,110,40,834,5.64338,0.84718
303,110,40,906,5.55341,0.83368
304,110,40,138,7.27874,1
304,110,40,234,7.06121,0.97011
304,110,40,330,6.87355,0.94433
304,110,40,402,6.80213,0.93452
304,110,40,498,6.63997,0.91224
304,110,40,570,6.53866,0.89832
304,110,40,666,6.38267,0.87689
304,110,40,738,6.27677,0.86234
304,110,40,834,6.16529,0.84703
304,110,40,906,6.05565,0.83196
305,110,40,138,6.67696,1
305,110,40,234,6.48383,0.97108
305,110,40,330,6.28749,0.94167
305,110,40,402,6.2179,0.93125
305,110,40,498,6.09268,0.91249
305,110,40,570,5.99409,0.89773
305,110,40,666,5.86643,0.87861
305,110,40,738,5.77123,0.86435
305,110,40,834,5.6607,0.8478
305,110,40,906,5.55967,0.83266
306,110,40,138,6.80736,1
306,110,40,234,6.57984,0.96658
306,110,40,330,6.42508,0.94384
306,110,40,402,6.3328,0.93029
306,110,40,498,6.19,0.90931
306,110,40,570,6.06799,0.89139
306,110,40,666,5.90996,0.86817
306,110,40,738,5.737,0.84276
306,110,40,834,5.65346,0.83049
306,110,40,906,5.57178,0.81849
307,110,40,138,6.5816,1
307,110,40,234,6.33227,0.96212
307,110,40,330,6.16622,0.93689
307,110,40,402,6.07002,0.92227
307,110,40,498,5.93573,0.90187
307,110,40,570,5.83999,0.88732
307,110,40,666,5.70701,0.86712
307,110,40,738,5.61167,0.85263
307,110,40,834,5.53599,0.84113
307,110,40,906,5.46351,0.83012
308,110,40,138,6.35164,1
308,110,40,234,6.12362,0.9641
308,110,40,330,5.96168,0.9386
308,110,40,402,5.88904,0.92717
308,110,40,498,5.75124,0.90547
308,110,40,570,5.66196,0.89142
308,110,40,666,5.53123,0.87083
308,110,40,738,5.44206,0.8568
308,110,40,834,5.35959,0.84381
308,110,40,906,5.26002,0.82814
309,110,40,138,6.94085,1
309,110,40,234,6.73566,0.97044
309,110,40,330,6.55802,0.94484
309,110,40,402,6.47869,0.93341
309,110,40,498,6.32842,0.91176
309,110,40,570,6.23468,0.89826
309,110,40,666,6.09416,0.87801
309,110,40,738,5.99501,0.86373
309,110,40,834,5.90081,0.85016
309,110,40,906,5.79799,0.83534
310,110,40,138,6.6325,1
310,110,40,234,6.4633,0.97449
310,110,40,330,6.284,0.94746
310,110,40,402,6.19604,0.93419
310,110,40,498,6.05904,0.91354
310,110,40,570,5.95769,0.89826
310,110,40,666,5.80234,0.87483
310,110,40,738,5.69541,0.85871
310,110,40,834,5.59284,0.84325
310,110,40,906,5.49073,0.82785
311,110,40,138,6.86254,1
311,110,40,234,6.65467,0.96971
311,110,40,330,6.47524,0.94356
311,110,40,402,6.37253,0.9286
311,110,40,498,6.2324,0.90818
311,110,40,570,6.13251,0.89362
311,110,40,666,5.97376,0.87049
311,110,40,738,5.87013,0.85539
311,110,40,834,5.75869,0.83915
311,110,40,906,5.65502,0.82404
312,110,40,138,6.01371,1
312,110,40,234,5.78419,0.96183
312,110,40,330,5.61299,0.93337
312,110,40,402,5.52432,0.91862
312,110,40,498,5.39755,0.89754
312,110,40,570,5.31905,0.88449
312,110,40,666,5.20981,0.86632
312,110,40,738,5.11029,0.84977
312,110,40,834,5.04848,0.8395
312,110,40,906,4.95332,0.82367
313,110,40,138,7.31304,1
313,110,40,234,7.08078,0.96824
313,110,40,330,6.86707,0.93902
313,110,40,402,6.75931,0.92428
313,110,40,498,6.60906,0.90374
313,110,40,570,6.49282,0.88784
313,110,40,666,6.33588,0.86638
313,110,40,738,6.19473,0.84708
313,110,40,834,6.11291,0.83589
313,110,40,906,5.97616,0.81719
314,110,40,138,6.57322,1
314,110,40,234,6.40484,0.97438
314,110,40,330,6.23747,0.94892
314,110,40,402,6.16866,0.93845
314,110,40,498,6.01633,0.91528
314,110,40,570,5.91431,0.89976
314,110,40,666,5.7592,0.87616
314,110,40,738,5.64618,0.85897
314,110,40,834,5.56688,0.8469
314,110,40,906,5.44671,0.82862
315,110,40,138,6.52643,1
315,110,40,234,6.34797,0.97266
315,110,40,330,6.1531,0.9428
315,110,40,402,6.06779,0.92973
315,110,40,498,5.94531,0.91096
315,110,40,570,5.85772,0.89754
315,110,40,666,5.71164,0.87515
315,110,40,738,5.61233,0.85994
315,110,40,834,5.51681,0.8453
315,110,40,906,5.43405,0.83262
316,110,40,138,6.93468,1
316,110,40,234,6.71703,0.96861
316,110,40,330,6.52988,0.94163
316,110,40,402,6.46155,0.93177
316,110,40,498,6.32367,0.91189
316,110,40,570,6.20622,0.89495
316,110,40,666,6.0719,0.87558
316,110,40,738,5.96069,0.85955
316,110,40,834,5.81625,0.83872
316,110,40,906,5.73821,0.82747
317,110,40,138,6.58123,1
317,110,40,234,6.32334,0.96081
317,110,40,330,6.15482,0.93521
317,110,40,402,6.07341,0.92284
317,110,40,498,5.91867,0.89933
317,110,40,570,5.8233,0.88483
317,110,40,666,5.69292,0.86502
317,110,40,738,5.60054,0.85099
317,110,40,834,5.51866,0.83854
317,110,40,906,5.42003,0.82356
318,110,40,138,6.45104,1
318,110,40,234,6.22243,0.96456
318,110,40,330,6.06152,0.93962
318,110,40,402,5.98889,0.92836
318,110,40,498,5.83631,0.90471
318,110,40,570,5.73335,0.88875
318,110,40,666,5.58877,0.86634
318,110,40,738,5.4095,0.83855
318,110,40,834,5.34192,0.82807
318,110,40,906,5.22397,0.80979
319,110,40,138,7.09307,1
319,110,40,234,6.80835,0.95986
319,110,40,330,6.59771,0.93016
319,110,40,402,6.54249,0.92238
319,110,40,498,6.47263,0.91253
319,110,40,570,6.34943,0.89516
319,110,40,666,6.2119,0.87577
319,110,40,738,5.98579,0.84389
319,110,40,834,5.94448,0.83807
319,110,40,906,5.87012,0.82758
320,110,40,138,6.58774,1
320,110,40,234,6.43598,0.97696
320,110,40,330,6.25928,0.95014
320,110,40,402,6.19938,0.94105
320,110,40,498,6.08692,0.92398
320,110,40,570,5.98653,0.90874
320,110,40,666,5.85658,0.88901
320,110,40,738,5.73522,0.87059
320,110,40,834,5.64923,0.85754
320,110,40,906,5.5826,0.84742
321,110,40,138,7.16676,1
321,110,40,234,6.96944,0.97247
321,110,40,330,6.81486,0.9509
321,110,40,402,6.7624,0.94358
321,110,40,498,6.68651,0.93299
321,110,40,570,6.4631,0.90182
321,110,40,666,6.43365,0.89771
321,110,40,738,6.27465,0.87552
321,110,40,834,6.22689,0.86886
321,110,40,906,6.12036,0.85399
322,110,40,138,6.39257,1
322,110,40,234,6.22227,0.97336
322,110,40,330,6.08934,0.95256
322,110,40,402,6.03763,0.94448
322,110,40,498,5.90364,0.92351
322,110,40,570,5.79733,0.90688
322,110,40,666,5.67683,0.88804
322,110,40,738,5.57546,0.87218
322,110,40,834,5.51797,0.86318
322,110,40,906,5.40726,0.84587
323,110,40,138,6.60174,1
323,110,40,234,6.40319,0.96992
323,110,40,330,6.23624,0.94464
323,110,40,402,6.16995,0.93459
323,110,40,498,6.01889,0.91171
323,110,40,570,5.90299,0.89416
323,110,40,666,5.76075,0.87261
323,110,40,738,5.67099,0.85901
323,110,40,834,5.61304,0.85024
323,110,40,906,5.49133,0.8318
324,110,40,138,6.78402,1
324,110,40,234,6.5789,0.96976
324,110,40,330,6.35908,0.93736
324,110,40,402,6.30411,0.92926
324,110,40,498,6.19045,0.9125
324,110,40,570,6.09582,0.89856
324,110,40,666,5.96257,0.87891
324,110,40,738,5.89856,0.86948
324,110,40,834,5.82859,0.85916
324,110,40,906,5.74213,0.84642
325,110,40,138,6.03195,1
325,110,40,234,5.85543,0.97073
325,110,40,330,5.67728,0.9412
325,110,40,402,5.6085,0.9298
325,110,40,498,5.48379,0.90912
325,110,40,570,5.41123,0.8971
325,110,40,666,5.2852,0.8762
325,110,40,738,5.19139,0.86065
325,110,40,834,5.08878,0.84364
325,110,40,906,5.02589,0.83321
326,110,40,138,6.92175,1
326,110,40,234,6.71037,0.96946
326,110,40,330,6.55616,0.94718
326,110,40,402,6.48055,0.93626
326,110,40,498,6.32334,0.91355
326,110,40,570,6.25565,0.90377
326,110,40,666,6.13411,0.88621
326,110,40,738,6.02565,0.87054
326,110,40,834,5.92063,0.85537
326,110,40,906,5.83639,0.84319
327,110,40,138,6.523,1
327,110,40,234,6.28631,0.96371
327,110,40,330,6.13815,0.941
327,110,40,402,6.05938,0.92893
327,110,40,498,5.89287,0.9034
327,110,40,570,5.80427,0.88982
327,110,40,666,5.68345,0.87129
327,110,40,738,5.5693,0.8538
327,110,40,834,5.51681,0.84575
327,110,40,906,5.39568,0.82718
328,110,40,138,6.13003,1
328,110,40,234,5.94755,0.97023
328,110,40,330,5.77631,0.9423
328,110,40,402,5.73224,0.93511
328,110,40,498,5.59752,0.91313
328,110,40,570,5.46634,0.89173
328,110,40,666,5.33904,0.87097
328,110,40,738,5.24233,0.85519
328,110,40,834,5.20291,0.84876
328,110,40,906,5.09105,0.83051
329,110,40,138,6.06257,1
329,110,40,234,5.90276,0.97364
329,110,40,330,5.69575,0.9395
329,110,40,402,5.6359,0.92962
329,110,40,498,5.50805,0.90853
329,110,40,570,5.39413,0.88974
329,110,40,666,5.24795,0.86563
329,110,40,738,5.14911,0.84933
329,110,40,834,5.06634,0.83568
329,110,40,906,4.96695,0.81928
330,110,40,138,6.37245,1
330,110,40,234,6.20226,0.97329
330,110,40,330,5.99002,0.93999
330,110,40,402,5.89799,0.92554
330,110,40,498,5.81666,0.91278
330,110,40,570,5.69143,0.89313
330,110,40,666,5.60156,0.87903
330,110,40,738,5.51862,0.86601
330,110,40,834,5.4248,0.85129
330,110,40,906,5.3667,0.84217
401,114,30,138,4.62109,1
401,114,30,234,4.47121,0.96757
401,114,30,330,4.36388,0.94434
401,114,30,402,4.31318,0.93337
401,114,30,498,4.21541,0.91221
401,114,30,570,4.16809,0.90197
401,114,30,666,4.08916,0.88489
401,114,30,738,3.97445,0.86007
401,114,30,834,3.9109,0.84632
401,114,30,906,3.86504,0.83639
402,114,30,138,4.96372,1
402,114,30,234,4.81201,0.96944
402,114,30,330,4.68607,0.94406
402,114,30,402,4.65329,0.93746
402,114,30,498,4.54619,0.91588
402,114,30,570,4.50987,0.90857
402,114,30,666,4.43971,0.89443
402,114,30,738,4.39896,0.88622
402,114,30,834,4.31107,0.86852
402,114,30,906,4.28448,0.86316
403,114,30,138,5.60408,1
403,114,30,234,5.45146,0.97277
403,114,30,330,5.29228,0.94436
403,114,30,402,5.27909,0.94201
403,114,30,498,5.15294,0.9195
403,114,30,570,5.07823,0.90617
403,114,30,666,4.99018,0.89045
403,114,30,738,4.92215,0.87832
403,114,30,834,4.84549,0.86464
403,114,30,906,4.76293,0.8499
404,114,30,138,5.92677,1
404,114,30,234,5.78721,0.97645
404,114,30,330,5.64106,0.95179
404,114,30,402,5.59113,0.94337
404,114,30,498,5.48649,0.92571
404,114,30,570,5.3995,0.91104
404,114,30,666,5.29535,0.89346
404,114,30,738,5.22166,0.88103
404,114,30,834,5.12863,0.86533
404,114,30,906,5.03762,0.84998
405,114,30,138,5.7647,1
405,114,30,234,5.60285,0.97192
405,114,30,330,5.48156,0.95088
405,114,30,402,5.40633,0.93783
405,114,30,498,5.30961,0.92106
405,114,30,570,5.23002,0.90725
405,114,30,666,5.13027,0.88995
405,114,30,738,5.06529,0.87867
405,114,30,834,4.92651,0.8546
405,114,30,906,4.85616,0.8424
406,114,30,138,5.52491,1
406,114,30,234,5.28175,0.95599
406,114,30,330,5.18837,0.93909
406,114,30,402,5.09325,0.92187
406,114,30,498,4.9709,0.89972
406,114,30,570,4.93822,0.89381
406,114,30,666,4.78893,0.86679
406,114,30,738,4.66752,0.84481
406,114,30,834,4.50355,0.81513
406,114,30,906,4.43963,0.80356
407,114,30,138,6.17806,1
407,114,30,234,5.99985,0.97115
407,114,30,330,5.83535,0.94453
407,114,30,402,5.7778,0.93521
407,114,30,498,5.63297,0.91177
407,114,30,570,5.56759,0.90119
407,114,30,666,5.46983,0.88536
407,114,30,738,5.36214,0.86793
407,114,30,834,5.25747,0.85099
407,114,30,906,5.18629,0.83947
408,114,30,138,5.48548,1
408,114,30,234,5.34107,0.97367
408,114,30,330,5.17855,0.94405
408,114,30,402,5.14977,0.9388
408,114,30,498,5.02973,0.91692
408,114,30,570,4.95005,0.90239
408,114,30,666,4.87277,0.8883
408,114,30,738,4.80109,0.87523
408,114,30,834,4.72798,0.86191
408,114,30,906,4.65417,0.84845
409,114,30,138,5.81417,1
409,114,30,234,5.63661,0.96946
409,114,30,330,5.50398,0.94665
409,114,30,402,5.44365,0.93627
409,114,30,498,5.33745,0.91801
409,114,30,570,5.24155,0.90151
409,114,30,666,5.15744,0.88705
409,114,30,738,5.08334,0.8743
409,114,30,834,4.99242,0.85867
409,114,30,906,4.91402,0.84518
410,114,30,138,5.40026,1
410,114,30,234,5.23833,0.97001
410,114,30,330,5.12676,0.94935
410,114,30,402,5.07152,0.93913
410,114,30,498,4.97247,0.92078
410,114,30,570,4.75257,0.88006
410,114,30,666,4.81224,0.89111
410,114,30,738,4.74633,0.87891
410,114,30,834,4.64706,0.86053
410,114,30,906,4.58624,0.84926
411,114,30,138,5.09633,1
411,114,30,234,4.95166,0.97161
411,114,30,330,4.83195,0.94812
411,114,30,402,4.77482,0.93691
411,114,30,498,4.67803,0.91792
411,114,30,570,4.61198,0.90496
411,114,30,666,4.55673,0.89412
411,114,30,738,4.50271,0.88352
411,114,30,834,4.39997,0.86336
411,114,30,906,4.36313,0.85613
412,114,30,138,5.3799,1
412,114,30,234,5.25632,0.97703
412,114,30,330,5.0836,0.94492
412,114,30,402,5.02065,0.93322
412,114,30,498,4.89404,0.90969
412,114,30,570,4.82335,0.89655
412,114,30,666,4.7329,0.87974
412,114,30,738,4.65222,0.86474
412,114,30,834,4.55038,0.84581
412,114,30,906,4.49055,0.83469
413,114,30,138,6.15585,1
413,114,30,234,5.99155,0.97331
413,114,30,330,5.83314,0.94758
413,114,30,402,5.76714,0.93685
413,114,30,498,5.63479,0.91535
413,114,30,570,5.55148,0.90182
413,114,30,666,5.45488,0.88613
413,114,30,738,5.37944,0.87387
413,114,30,834,5.26471,0.85524
413,114,30,906,5.18814,0.8428
414,114,30,138,5.75246,1
414,114,30,234,5.58445,0.97079
414,114,30,330,5.45146,0.94767
414,114,30,402,5.37947,0.93516
414,114,30,498,5.28472,0.91869
414,114,30,570,5.19562,0.9032
414,114,30,666,5.09935,0.88646
414,114,30,738,5.04359,0.87677
414,114,30,834,4.96422,0.86297
414,114,30,906,4.87806,0.848
415,114,30,138,5.64806,1
415,114,30,234,5.47366,0.96912
415,114,30,330,5.33288,0.9442
415,114,30,402,5.26333,0.93188
415,114,30,498,5.15863,0.91335
415,114,30,570,5.09894,0.90278
415,114,30,666,4.99527,0.88442
415,114,30,738,4.9451,0.87554
415,114,30,834,4.84115,0.85714
415,114,30,906,4.77758,0.84588
416,114,30,138,5.98881,1
416,114,30,234,5.82509,0.97266
416,114,30,330,5.67812,0.94812
416,114,30,402,5.62059,0.93852
416,114,30,498,5.50871,0.91983
416,114,30,570,5.43306,0.9072
416,114,30,666,5.33533,0.89088
416,114,30,738,5.25468,0.87742
416,114,30,834,5.12926,0.85647
416,114,30,906,5.07997,0.84824
417,114,30,138,5.50955,1
417,114,30,234,5.35562,0.97206
417,114,30,330,5.22278,0.94795
417,114,30,402,5.18747,0.94154
417,114,30,498,5.07749,0.92158
417,114,30,570,5.02014,0.91117
417,114,30,666,4.95577,0.89949
417,114,30,738,4.87772,0.88532
417,114,30,834,4.80061,0.87133
417,114,30,906,4.75929,0.86383
418,114,30,138,5.80339,1
418,114,30,234,5.61112,0.96687
418,114,30,330,5.48072,0.9444
418,114,30,402,5.41796,0.93359
418,114,30,498,5.3058,0.91426
418,114,30,570,5.22087,0.89962
418,114,30,666,5.14151,0.88595
418,114,30,738,4.99043,0.85992
418,114,30,834,4.91834,0.8475
418,114,30,906,4.84221,0.83438
419,114,30,138,6.61989,1
419,114,30,234,6.36907,0.96211
419,114,30,330,6.20434,0.93723
419,114,30,402,6.11964,0.92443
419,114,30,498,6.04585,0.91328
419,114,30,570,5.9568,0.89983
419,114,30,666,5.83964,0.88213
419,114,30,738,5.68308,0.85848
419,114,30,834,5.63771,0.85163
419,114,30,906,5.52412,0.83447
420,114,30,138,5.48133,1
420,114,30,234,5.30083,0.96707
420,114,30,330,5.14739,0.93908
420,114,30,402,5.09824,0.93011
420,114,30,498,5.01774,0.91542
420,114,30,570,4.95893,0.90469
420,114,30,666,4.85895,0.88645
420,114,30,738,4.8087,0.87729
420,114,30,834,4.71071,0.85941
420,114,30,906,4.65414,0.84909
421,114,30,138,5.56582,1
421,114,30,234,5.39418,0.96916
421,114,30,330,5.308,0.95368
421,114,30,402,5.27604,0.94794
421,114,30,498,5.22366,0.93853
421,114,30,570,5.05952,0.90903
421,114,30,666,5.064,0.90984
421,114,30,738,4.98025,0.89479
421,114,30,834,4.92139,0.88422
421,114,30,906,4.86487,0.87406
422,114,30,138,5.21916,1
422,114,30,234,5.06061,0.96962
422,114,30,330,4.92886,0.94438
422,114,30,402,4.88101,0.93521
422,114,30,498,4.77774,0.91542
422,114,30,570,4.69108,0.89882
422,114,30,666,4.64312,0.88963
422,114,30,738,4.56519,0.8747
422,114,30,834,4.48019,0.85841
422,114,30,906,4.4331,0.84939
423,114,30,138,6.11621,1
423,114,30,234,5.91581,0.96723
423,114,30,330,5.77849,0.94478
423,114,30,402,5.70864,0.93336
423,114,30,498,5.61979,0.91884
423,114,30,570,5.51745,0.9021
423,114,30,666,5.453,0.89157
423,114,30,738,5.36829,0.87772
423,114,30,834,5.29248,0.86532
423,114,30,906,5.20703,0.85135
424,114,30,138,5.91372,1
424,114,30,234,5.76486,0.97483
424,114,30,330,5.63267,0.95247
424,114,30,402,5.56517,0.94106
424,114,30,498,5.46973,0.92492
424,114,30,570,5.38476,0.91055
424,114,30,666,5.28106,0.89302
424,114,30,738,5.2135,0.88159
424,114,30,834,5.13892,0.86898
424,114,30,906,5.04858,0.85371
425,114,30,138,5.7204,1
425,114,30,234,5.54625,0.96956
425,114,30,330,5.40193,0.94433
425,114,30,402,5.33603,0.93281
425,114,30,498,5.20115,0.90923
425,114,30,570,5.13429,0.89754
425,114,30,666,5.01988,0.87754
425,114,30,738,4.98859,0.87207
425,114,30,834,4.86316,0.85014
425,114,30,906,4.73251,0.8273
426,114,30,138,5.78944,1
426,114,30,234,5.63052,0.97255
426,114,30,330,5.47095,0.94499
426,114,30,402,5.44778,0.94099
426,114,30,498,5.31092,0.91735
426,114,30,570,5.26103,0.90873
426,114,30,666,5.17176,0.89331
426,114,30,738,5.12193,0.8847
426,114,30,834,4.99814,0.86332
426,114,30,906,4.94987,0.85498
427,114,30,138,5.73398,1
427,114,30,234,5.5505,0.968
427,114,30,330,5.39749,0.94132
427,114,30,402,5.34335,0.93188
427,114,30,498,5.22051,0.91045
427,114,30,570,5.13312,0.89521
427,114,30,666,5.07323,0.88477
427,114,30,738,4.98545,0.86946
427,114,30,834,4.87544,0.85027
427,114,30,906,4.82112,0.8408
428,114,30,138,5.16918,1
428,114,30,234,5.00809,0.96884
428,114,30,330,4.89713,0.94737
428,114,30,402,4.82214,0.93286
428,114,30,498,4.74471,0.91788
428,114,30,570,4.6402,0.89767
428,114,30,666,4.58913,0.88779
428,114,30,738,4.51637,0.87371
428,114,30,834,4.42952,0.85691
428,114,30,906,4.35171,0.84186
429,114,30,138,5.66821,1
429,114,30,234,5.50694,0.97155
429,114,30,330,5.3922,0.9513
429,114,30,402,5.318,0.93821
429,114,30,498,5.21965,0.92086
429,114,30,570,5.15493,0.90945
429,114,30,666,5.04783,0.89055
429,114,30,738,4.99245,0.88078
429,114,30,834,4.911,0.86641
429,114,30,906,4.82107,0.85054
430,114,30,138,5.37784,1
430,114,30,234,5.27882,0.98159
430,114,30,330,5.14211,0.95617
430,114,30,402,5.09638,0.94766
430,114,30,498,4.99689,0.92916
430,114,30,570,4.88622,0.90858
430,114,30,666,4.77878,0.88861
430,114,30,738,4.75456,0.8841
430,114,30,834,4.65633,0.86584
430,114,30,906,4.55325,0.84667
501,77,40,138,5.99057,1
501,77,40,234,5.8067,0.96931
501,77,40,330,5.68862,0.9496
501,77,40,402,5.57345,0.93037
501,77,40,498,5.5018,0.91841
501,77,40,570,5.44291,0.90858
501,77,40,666,5.368,0.89607
501,77,40,738,5.32082,0.8882
501,77,40,834,5.24233,0.8751
501,77,40,906,5.19745,0.86761
502,77,40,138,7.16335,1
502,77,40,234,6.94318,0.96926
502,77,40,330,6.77548,0.94585
502,77,40,402,6.65628,0.92921
502,77,40,498,6.55485,0.91505
502,77,40,570,6.49448,0.90663
502,77,40,666,6.38545,0.89141
502,77,40,738,6.31089,0.881
502,77,40,834,6.25385,0.87303
502,77,40,906,6.19526,0.86485
503,77,40,138,6.9835,1
503,77,40,234,6.7154,0.96161
503,77,40,330,6.54981,0.9379
503,77,40,402,6.48467,0.92857
503,77,40,498,6.37798,0.91329
503,77,40,570,6.27469,0.8985
503,77,40,666,6.15532,0.88141
503,77,40,738,6.09163,0.87229
503,77,40,834,6.02954,0.8634
503,77,40,906,5.95415,0.8526
504,77,40,138,6.7723,1
504,77,40,234,6.5661,0.96955
504,77,40,330,6.42177,0.94824
504,77,40,402,6.31672,0.93273
504,77,40,498,6.22733,0.91953
504,77,40,570,6.14937,0.90802
504,77,40,666,6.05221,0.89367
504,77,40,738,5.99963,0.88591
504,77,40,834,5.90727,0.87227
504,77,40,906,5.83973,0.8623
505,77,40,138,6.65813,1
505,77,40,234,6.44249,0.96761
505,77,40,330,6.30782,0.94739
505,77,40,402,6.17204,0.92699
505,77,40,498,6.08111,0.91334
505,77,40,570,6.01054,0.90274
505,77,40,666,5.92388,0.88972
505,77,40,738,5.856,0.87953
505,77,40,834,5.76179,0.86538
505,77,40,906,5.72849,0.86037
506,77,40,138,7.40237,1
506,77,40,234,6.99635,0.94515
506,77,40,330,6.91502,0.93416
506,77,40,402,6.76207,0.9135
506,77,40,498,6.67082,0.90117
506,77,40,570,6.57082,0.88767
506,77,40,666,6.48342,0.87586
506,77,40,738,6.33862,0.8563
506,77,40,834,6.30934,0.85234
506,77,40,906,6.25113,0.84448
507,77,40,138,7.22145,1
507,77,40,234,7.11846,0.98574
507,77,40,330,6.94355,0.96152
507,77,40,402,6.83711,0.94678
507,77,40,498,6.72002,0.93056
507,77,40,570,6.63889,0.91933
507,77,40,666,6.54228,0.90595
507,77,40,738,6.44892,0.89302
507,77,40,834,6.38641,0.88437
507,77,40,906,6.32729,0.87618
508,77,40,138,6.84107,1
508,77,40,234,6.61993,0.96767
508,77,40,330,6.45523,0.9436
508,77,40,402,6.34187,0.92703
508,77,40,498,6.23376,0.91123
508,77,40,570,6.1731,0.90236
508,77,40,666,6.07877,0.88857
508,77,40,738,6.01038,0.87857
508,77,40,834,5.9262,0.86627
508,77,40,906,5.87289,0.85847
509,77,40,138,6.92739,1
509,77,40,234,6.71513,0.96936
509,77,40,330,6.57678,0.94939
509,77,40,402,6.48308,0.93586
509,77,40,498,6.39251,0.92279
509,77,40,570,6.31403,0.91146
509,77,40,666,6.21729,0.89749
509,77,40,738,6.14989,0.88776
509,77,40,834,6.06623,0.87569
509,77,40,906,6.01249,0.86793
510,77,40,138,7.31888,1
510,77,40,234,7.09006,0.96874
510,77,40,330,6.91941,0.94542
510,77,40,402,6.79007,0.92775
510,77,40,498,6.7083,0.91658
510,77,40,570,6.62833,0.90565
510,77,40,666,6.53687,0.89315
510,77,40,738,6.47373,0.88453
510,77,40,834,6.40353,0.87493
510,77,40,906,6.36185,0.86924
511,77,40,138,6.88649,1
511,77,40,234,6.66473,0.9678
511,77,40,330,6.4983,0.94363
511,77,40,402,6.37657,0.92595
511,77,40,498,6.29593,0.91424
511,77,40,570,6.22876,0.90449
511,77,40,666,6.1339,0.89072
511,77,40,738,6.08077,0.883
511,77,40,834,6.03341,0.87612
511,77,40,906,5.98455,0.86903
512,77,40,138,6.45431,1
512,77,40,234,6.25665,0.96938
512,77,40,330,6.08565,0.94288
512,77,40,402,5.9692,0.92484
512,77,40,498,5.85903,0.90777
512,77,40,570,5.80156,0.89887
512,77,40,666,5.71502,0.88546
512,77,40,738,5.64822,0.87511
512,77,40,834,5.60224,0.86798
512,77,40,906,5.52889,0.85662
513,77,40,138,7.87774,1
513,77,40,234,7.60456,0.96532
513,77,40,330,7.42963,0.94312
513,77,40,402,7.2715,0.92304
513,77,40,498,7.11964,0.90377
513,77,40,570,7.051,0.89505
513,77,40,666,6.92213,0.87869
513,77,40,738,6.84065,0.86835
513,77,40,834,6.73702,0.8552
513,77,40,906,6.65983,0.8454
514,77,40,138,7.10696,1
514,77,40,234,6.88643,0.96897
514,77,40,330,6.73062,0.94705
514,77,40,402,6.58001,0.92585
514,77,40,498,6.46457,0.90961
514,77,40,570,6.40097,0.90066
514,77,40,666,6.30064,0.88654
514,77,40,738,6.2401,0.87803
514,77,40,834,6.14164,0.86417
514,77,40,906,6.08748,0.85655
515,77,40,138,6.57672,1
515,77,40,234,6.39349,0.97214
515,77,40,330,6.22786,0.94696
515,77,40,402,6.10075,0.92763
515,77,40,498,6.01876,0.91516
515,77,40,570,5.94248,0.90356
515,77,40,666,5.84986,0.88948
515,77,40,738,5.7863,0.87981
515,77,40,834,5.70971,0.86817
515,77,40,906,5.67746,0.86327
516,77,40,138,7.15272,1
516,77,40,234,7.00831,0.97981
516,77,40,330,6.82048,0.95355
516,77,40,402,6.68342,0.93439
516,77,40,498,6.56238,0.91747
516,77,40,570,6.47331,0.90501
516,77,40,666,6.38504,0.89267
516,77,40,738,6.30345,0.88127
516,77,40,834,6.23087,0.87112
516,77,40,906,6.18941,0.86532
517,77,40,138,7.00003,1
517,77,40,234,6.79279,0.97039
517,77,40,330,6.6101,0.9443
517,77,40,402,6.49473,0.92781
517,77,40,498,6.37111,0.91015
517,77,40,570,6.30155,0.90022
517,77,40,666,6.19859,0.88551
517,77,40,738,6.1335,0.87621
517,77,40,834,6.07343,0.86763
517,77,40,906,6.03029,0.86147
518,77,40,138,6.89414,1
518,77,40,234,6.67135,0.96768
518,77,40,330,6.52598,0.9466
518,77,40,402,6.4028,0.92873
518,77,40,498,6.30378,0.91437
518,77,40,570,6.23991,0.9051
518,77,40,666,6.12667,0.88868
518,77,40,738,5.9751,0.86669
518,77,40,834,5.90775,0.85692
518,77,40,906,5.84481,0.84779
519,77,40,138,8.17145,1
519,77,40,234,7.84839,0.96046
519,77,40,330,7.6472,0.93584
519,77,40,402,7.52527,0.92092
519,77,40,498,7.43741,0.91017
519,77,40,570,7.35384,0.89994
519,77,40,666,7.22792,0.88453
519,77,40,738,7.03074,0.8604
519,77,40,834,6.95673,0.85135
519,77,40,906,6.94423,0.84982
520,77,40,138,6.93122,1
520,77,40,234,6.72484,0.97022
520,77,40,330,6.54553,0.94435
520,77,40,402,6.41907,0.92611
520,77,40,498,6.29827,0.90868
520,77,40,570,6.22886,0.89867
520,77,40,666,6.14427,0.88646
520,77,40,738,6.04475,0.8721
520,77,40,834,5.96571,0.8607
520,77,40,906,5.97959,0.8627
521,77,40,138,7.2374,1
521,77,40,234,7.07302,0.97729
521,77,40,330,6.96978,0.96302
521,77,40,402,6.88252,0.95097
521,77,40,498,6.6657,0.92101
521,77,40,570,6.59747,0.91158
521,77,40,666,6.62423,0.91528
521,77,40,738,6.49174,0.89697
521,77,40,834,6.48407,0.89591
521,77,40,906,6.45456,0.89183
522,77,40,138,5.97755,1
522,77,40,234,5.80422,0.971
522,77,40,330,5.6592,0.94674
522,77,40,402,5.5579,0.9298
522,77,40,498,5.44983,0.91172
522,77,40,570,5.3941,0.90239
522,77,40,666,5.32138,0.89023
522,77,40,738,5.26164,0.88023
522,77,40,834,5.21922,0.87314
522,77,40,906,5.17942,0.86648
523,77,40,138,7.02366,1
523,77,40,234,6.81977,0.97097
523,77,40,330,6.68233,0.9514
523,77,40,402,6.54645,0.93206
523,77,40,498,6.43151,0.91569
523,77,40,570,6.37616,0.90781
523,77,40,666,6.27655,0.89363
523,77,40,738,6.18931,0.88121
523,77,40,834,6.10083,0.86861
523,77,40,906,6.04573,0.86077
524,77,40,138,7.13665,1
524,77,40,234,6.93786,0.97215
524,77,40,330,6.76284,0.94762
524,77,40,402,6.61369,0.92672
524,77,40,498,6.51926,0.91349
524,77,40,570,6.44069,0.90248
524,77,40,666,6.36354,0.89167
524,77,40,738,6.27653,0.87948
524,77,40,834,6.18396,0.86651
524,77,40,906,6.1577,0.86283
525,77,40,138,6.90749,1
525,77,40,234,6.69063,0.96861
525,77,40,330,6.49185,0.93983
525,77,40,402,6.32059,0.91504
525,77,40,498,6.19474,0.89682
525,77,40,570,6.13461,0.88811
525,77,40,666,6.05115,0.87603
525,77,40,738,6.0001,0.86864
525,77,40,834,5.8866,0.85221
525,77,40,906,5.84044,0.84552
526,77,40,138,7.45254,1
526,77,40,234,7.21625,0.96829
526,77,40,330,7.02445,0.94256
526,77,40,402,6.89847,0.92565
526,77,40,498,6.76859,0.90823
526,77,40,570,6.71042,0.90042
526,77,40,666,6.5881,0.88401
526,77,40,738,6.5202,0.8749
526,77,40,834,6.45026,0.86551
526,77,40,906,6.39554,0.85817
527,77,40,138,6.72139,1
527,77,40,234,6.5262,0.97096
527,77,40,330,6.38378,0.94977
527,77,40,402,6.27431,0.93348
527,77,40,498,6.15063,0.91508
527,77,40,570,6.11333,0.90953
527,77,40,666,6.01828,0.89539
527,77,40,738,5.94113,0.88391
527,77,40,834,5.8971,0.87736
527,77,40,906,5.8324,0.86774
528,77,40,138,6.65974,1
528,77,40,234,6.48102,0.97317
528,77,40,330,6.32586,0.94987
528,77,40,402,6.20251,0.93134
528,77,40,498,6.07324,0.91193
528,77,40,570,6.011,0.90259
528,77,40,666,5.917,0.88847
528,77,40,738,5.83623,0.87635
528,77,40,834,5.77279,0.86682
528,77,40,906,5.72248,0.85927
529,77,40,138,6.86194,1
529,77,40,234,6.66378,0.97112
529,77,40,330,6.47271,0.94328
529,77,40,402,6.34631,0.92486
529,77,40,498,6.22639,0.90738
529,77,40,570,6.13594,0.8942
529,77,40,666,6.04896,0.88152
529,77,40,738,5.97381,0.87057
529,77,40,834,5.88881,0.85818
529,77,40,906,5.87722,0.8565
530,77,40,138,6.74852,1
530,77,40,234,6.63842,0.98369
530,77,40,330,6.41863,0.95112
530,77,40,402,6.2737,0.92964
530,77,40,498,6.0593,0.89787
530,77,40,570,5.99771,0.88874
530,77,40,666,5.95308,0.88213
530,77,40,738,5.85886,0.86817
530,77,40,834,5.75565,0.85288
530,77,40,906,5.76845,0.85477
601,130,40,138,5.33224,1
601,130,40,234,5.19691,0.97462
601,130,40,330,5.05507,0.94802
601,130,40,402,4.95841,0.92989
601,130,40,498,4.81365,0.90275
601,130,40,570,4.73002,0.88706
601,130,40,666,4.60992,0.86454
601,130,40,738,4.50603,0.84505
601,130,40,834,4.35823,0.81734
601,130,40,906,4.25375,0.79774
602,130,40,138,6.18561,1
602,130,40,234,6.01407,0.97227
602,130,40,330,5.81893,0.94072
602,130,40,402,5.70461,0.92224
602,130,40,498,5.55453,0.89798
602,130,40,570,5.43647,0.87889
602,130,40,666,5.31027,0.85849
602,130,40,738,5.19644,0.84009
602,130,40,834,5.05014,0.81643
602,130,40,906,4.94241,0.79902
603,130,40,138,6.5758,1
603,130,40,234,6.37495,0.96946
603,130,40,330,6.12543,0.93151
603,130,40,402,6.02486,0.91622
603,130,40,498,5.84266,0.88851
603,130,40,570,5.67206,0.86257
603,130,40,666,5.48543,0.83419
603,130,40,738,5.33693,0.8116
603,130,40,834,5.15264,0.78358
603,130,40,906,5.02127,0.7636
604,130,40,138,6.8265,1
604,130,40,234,6.6504,0.9742
604,130,40,330,6.42694,0.94147
604,130,40,402,6.2893,0.92131
604,130,40,498,6.09159,0.89234
604,130,40,570,5.97559,0.87535
604,130,40,666,5.79176,0.84842
604,130,40,738,5.6212,0.82344
604,130,40,834,5.4401,0.79691
604,130,40,906,5.32358,0.77984
605,130,40,138,6.62571,1
605,130,40,234,6.44814,0.9732
605,130,40,330,6.19124,0.93443
605,130,40,402,6.06804,0.91583
605,130,40,498,5.89142,0.88918
605,130,40,570,5.78168,0.87261
605,130,40,666,5.64414,0.85185
605,130,40,738,5.47061,0.82566
605,130,40,834,5.30033,0.79996
605,130,40,906,5.19438,0.78397
606,130,40,138,6.86426,1
606,130,40,234,6.56535,0.95645
606,130,40,330,6.3382,0.92336
606,130,40,402,6.20007,0.90324
606,130,40,498,6.00882,0.87538
606,130,40,570,5.76572,0.83996
606,130,40,666,5.63247,0.82055
606,130,40,738,5.34372,0.77848
606,130,40,834,5.17568,0.754
606,130,40,906,5.03506,0.73352
607,130,40,138,6.89627,1
607,130,40,234,6.70045,0.97161
607,130,40,330,6.47712,0.93922
607,130,40,402,6.36047,0.92231
607,130,40,498,6.18089,0.89627
607,130,40,570,6.02405,0.87352
607,130,40,666,5.85743,0.84936
607,130,40,738,5.68843,0.82486
607,130,40,834,5.49073,0.79619
607,130,40,906,5.35548,0.77658
608,130,40,138,6.69898,1
608,130,40,234,6.52081,0.9734
608,130,40,330,6.27461,0.93665
608,130,40,402,6.15262,0.91844
608,130,40,498,5.95281,0.88861
608,130,40,570,5.8228,0.86921
608,130,40,666,5.64134,0.84212
608,130,40,738,5.49026,0.81957
608,130,40,834,5.30747,0.79228
608,130,40,906,5.18275,0.77366
609,130,40,138,6.66505,1
609,130,40,234,6.49341,0.97425
609,130,40,330,6.27834,0.94198
609,130,40,402,6.15143,0.92294
609,130,40,498,5.96635,0.89517
609,130,40,570,5.85687,0.87874
609,130,40,666,5.6887,0.85351
609,130,40,738,5.54247,0.83157
609,130,40,834,5.37757,0.80683
609,130,40,906,5.27271,0.7911
610,130,40,138,6.33504,1
610,130,40,234,6.18836,0.97685
610,130,40,330,6.00142,0.94734
610,130,40,402,5.88193,0.92847
610,130,40,498,5.71599,0.90228
610,130,40,570,5.60631,0.88497
610,130,40,666,5.4716,0.8637
610,130,40,738,5.32756,0.84097
610,130,40,834,5.15989,0.8145
610,130,40,906,5.05248,0.79754
611,130,40,138,6.02345,1
611,130,40,234,5.85161,0.97147
611,130,40,330,5.64684,0.93748
611,130,40,402,5.52222,0.91679
611,130,40,498,5.36669,0.89096
611,130,40,570,5.23029,0.86832
611,130,40,666,5.11657,0.84944
611,130,40,738,4.95561,0.82272
611,130,40,834,4.79399,0.79589
611,130,40,906,4.68668,0.77807
612,130,40,138,6.44768,1
612,130,40,234,6.25273,0.96977
612,130,40,330,6.01771,0.93331
612,130,40,402,5.88011,0.91197
612,130,40,498,5.68763,0.88212
612,130,40,570,5.52421,0.85678
612,130,40,666,5.40528,0.83833
612,130,40,738,5.19264,0.80535
612,130,40,834,4.97925,0.77226
612,130,40,906,4.86759,0.75494
613,130,40,138,7.47048,1
613,130,40,234,7.25749,0.97149
613,130,40,330,6.97581,0.93378
613,130,40,402,6.83549,0.915
613,130,40,498,6.59705,0.88308
613,130,40,570,6.44064,0.86215
613,130,40,666,6.28278,0.84101
613,130,40,738,6.06052,0.81126
613,130,40,834,5.84962,0.78303
613,130,40,906,5.68704,0.76127
614,130,40,138,6.9224,1
614,130,40,234,6.70492,0.96858
614,130,40,330,6.47417,0.93525
614,130,40,402,6.33429,0.91504
614,130,40,498,6.11081,0.88276
614,130,40,570,5.99675,0.86628
614,130,40,666,5.82643,0.84168
614,130,40,738,5.65017,0.81621
614,130,40,834,5.44526,0.78661
614,130,40,906,5.32883,0.7698
615,130,40,138,6.29629,1
615,130,40,234,6.10993,0.9704
615,130,40,330,5.88774,0.93511
615,130,40,402,5.75308,0.91373
615,130,40,498,5.57491,0.88543
615,130,40,570,5.44756,0.8652
615,130,40,666,5.21031,0.82752
615,130,40,738,5.09679,0.80949
615,130,40,834,4.88529,0.7759
615,130,40,906,4.77999,0.75918
616,130,40,138,6.82332,1
616,130,40,234,6.62806,0.97138
616,130,40,330,6.42836,0.94212
616,130,40,402,6.32624,0.92715
616,130,40,498,6.17911,0.90559
616,130,40,570,6.04689,0.88621
616,130,40,666,5.92783,0.86876
616,130,40,738,5.81183,0.85176
616,130,40,834,5.66361,0.83004
616,130,40,906,5.56405,0.81545
617,130,40,138,6.40687,1
617,130,40,234,6.25323,0.97602
617,130,40,330,6.03955,0.94267
617,130,40,402,5.93136,0.92578
617,130,40,498,5.78505,0.90295
617,130,40,570,5.63944,0.88022
617,130,40,666,5.50381,0.85905
617,130,40,738,5.3576,0.83623
617,130,40,834,5.20718,0.81275
617,130,40,906,5.07339,0.79187
618,130,40,138,6.1191,1
618,130,40,234,5.97144,0.97587
618,130,40,330,5.76195,0.94163
618,130,40,402,5.64,0.9217
618,130,40,498,5.47383,0.89455
618,130,40,570,5.35459,0.87506
618,130,40,666,5.20343,0.85036
618,130,40,738,4.98591,0.81481
618,130,40,834,4.83259,0.78975
618,130,40,906,4.72802,0.77267
619,130,40,138,6.49268,1
619,130,40,234,6.22197,0.95831
619,130,40,330,5.95952,0.91788
619,130,40,402,5.84359,0.90003
619,130,40,498,5.59165,0.86122
619,130,40,570,5.45956,0.84088
619,130,40,666,5.28857,0.81454
619,130,40,738,5.02957,0.77465
619,130,40,834,4.87422,0.75073
619,130,40,906,4.69044,0.72242
620,130,40,138,6.018,1
620,130,40,234,5.79279,0.96258
620,130,40,330,5.57652,0.92664
620,130,40,402,5.46532,0.90816
620,130,40,498,5.26947,0.87562
620,130,40,570,5.12473,0.85157
620,130,40,666,4.97606,0.82686
620,130,40,738,4.79161,0.79621
620,130,40,834,4.60518,0.76523
620,130,40,906,4.46267,0.74155
621,130,40,138,6.71233,1
621,130,40,234,6.54604,0.97523
621,130,40,330,6.3441,0.94514
621,130,40,402,6.25942,0.93252
621,130,40,498,6.00691,0.89491
621,130,40,570,5.86446,0.87368
621,130,40,666,5.8233,0.86755
621,130,40,738,5.61218,0.8361
621,130,40,834,5.48778,0.81757
621,130,40,906,5.33952,0.79548
622,130,40,138,6.48989,1
622,130,40,234,6.33136,0.97557
622,130,40,330,6.12777,0.9442
622,130,40,402,6.02172,0.92786
622,130,40,498,5.85768,0.90259
622,130,40,570,5.72464,0.88209
622,130,40,666,5.61961,0.8659
622,130,40,738,5.4609,0.84145
622,130,40,834,5.3302,0.82131
622,130,40,906,5.21047,0.80286
623,130,40,138,6.75342,1
623,130,40,234,6.58269,0.97472
623,130,40,330,6.35365,0.9408
623,130,40,402,6.23562,0.92333
623,130,40,498,6.05313,0.89631
623,130,40,570,5.9508,0.88115
623,130,40,666,5.79442,0.858
623,130,40,738,5.65657,0.83759
623,130,40,834,5.4985,0.81418
623,130,40,906,5.38687,0.79765
624,130,40,138,6.79478,1
624,130,40,234,6.61101,0.97296
624,130,40,330,6.39069,0.94053
624,130,40,402,6.26863,0.92257
624,130,40,498,6.09907,0.89761
624,130,40,570,6.01572,0.88535
624,130,40,666,5.83572,0.85885
624,130,40,738,5.73412,0.8439
624,130,40,834,5.55114,0.81697
624,130,40,906,5.46211,0.80387
625,130,40,138,6.21204,1
625,130,40,234,6.0037,0.96646
625,130,40,330,5.80004,0.93368
625,130,40,402,5.63454,0.90703
625,130,40,498,5.4739,0.88117
625,130,40,570,5.30018,0.85321
625,130,40,666,5.19809,0.83678
625,130,40,738,5.01401,0.80714
625,130,40,834,4.8522,0.7811
625,130,40,906,4.75074,0.76476
626,130,40,138,7.33407,1
626,130,40,234,7.09194,0.96699
626,130,40,330,6.8275,0.93093
626,130,40,402,6.64433,0.90595
626,130,40,498,6.46169,0.88105
626,130,40,570,6.27245,0.85525
626,130,40,666,6.15831,0.83968
626,130,40,738,5.95053,0.81135
626,130,40,834,5.77345,0.78721
626,130,40,906,5.61661,0.76582
627,130,40,138,5.76548,1
627,130,40,234,5.63246,0.97693
627,130,40,330,5.43674,0.94298
627,130,40,402,5.30369,0.91991
627,130,40,498,5.15265,0.89371
627,130,40,570,5.01824,0.87039
627,130,40,666,4.9237,0.854
627,130,40,738,4.75577,0.82487
627,130,40,834,4.62485,0.80216
627,130,40,906,4.49326,0.77934
628,130,40,138,6.13557,1
628,130,40,234,5.99379,0.97689
628,130,40,330,5.80527,0.94617
628,130,40,402,5.70367,0.92961
628,130,40,498,5.52899,0.90114
628,130,40,570,5.43487,0.8858
628,130,40,666,5.29653,0.86325
628,130,40,738,5.16814,0.84232
628,130,40,834,4.99251,0.8137
628,130,40,906,4.86878,0.79353
629,130,40,138,6.2525,1
629,130,40,234,6.06864,0.97059
629,130,40,330,5.84868,0.93541
629,130,40,402,5.72532,0.91569
629,130,40,498,5.56262,0.88966
629,130,40,570,5.45719,0.8728
629,130,40,666,5.28936,0.84596
629,130,40,738,5.19385,0.83068
629,130,40,834,5.01127,0.80148
629,130,40,906,4.92399,0.78752
630,130,40,138,5.75039,1
630,130,40,234,5.58895,0.97193
630,130,40,330,5.46154,0.94977
630,130,40,402,5.36234,0.93252
630,130,40,498,5.21084,0.90617
630,130,40,570,5.13043,0.89219
630,130,40,666,5.02615,0.87405
630,130,40,738,5.00053,0.8696
630,130,40,834,4.78301,0.83177
630,130,40,906,4.76379,0.82843
